-- phpMyAdmin SQL Dump
-- version 5.1.0
-- https://www.phpmyadmin.net/
--
-- Хост: 127.0.0.1:3306
-- Время создания: Июл 23 2021 г., 11:37
-- Версия сервера: 5.5.62
-- Версия PHP: 7.2.34

SET SQL_MODE = "NO_AUTO_VALUE_ON_ZERO";
START TRANSACTION;
SET time_zone = "+00:00";


/*!40101 SET @OLD_CHARACTER_SET_CLIENT=@@CHARACTER_SET_CLIENT */;
/*!40101 SET @OLD_CHARACTER_SET_RESULTS=@@CHARACTER_SET_RESULTS */;
/*!40101 SET @OLD_COLLATION_CONNECTION=@@COLLATION_CONNECTION */;
/*!40101 SET NAMES utf8mb4 */;

--
-- База данных: `yii2_mynews`
--

-- --------------------------------------------------------

--
-- Структура таблицы `category`
--

CREATE TABLE `category` (
  `id` int(10) UNSIGNED NOT NULL,
  `title` varchar(255) COLLATE utf8mb4_unicode_ci NOT NULL,
  `alias` varchar(255) COLLATE utf8mb4_unicode_ci NOT NULL
) ENGINE=InnoDB DEFAULT CHARSET=utf8mb4 COLLATE=utf8mb4_unicode_ci;

--
-- Дамп данных таблицы `category`
--

INSERT INTO `category` (`id`, `title`, `alias`) VALUES
(1, 'Politics', 'Политика'),
(2, 'Economy', 'Экономика'),
(3, 'Science', 'Наука'),
(4, 'Sport', 'Спорт'),
(5, 'Education', 'Образование');

-- --------------------------------------------------------

--
-- Структура таблицы `gallery`
--

CREATE TABLE `gallery` (
  `id` int(10) UNSIGNED NOT NULL,
  `text` text CHARACTER SET utf8
) ENGINE=InnoDB DEFAULT CHARSET=utf8mb4 COLLATE=utf8mb4_unicode_ci;

-- --------------------------------------------------------

--
-- Структура таблицы `post`
--

CREATE TABLE `post` (
  `id` int(10) UNSIGNED NOT NULL,
  `category_id` int(10) UNSIGNED NOT NULL,
  `title` varchar(255) COLLATE utf8mb4_unicode_ci NOT NULL,
  `excerpt` varchar(255) COLLATE utf8mb4_unicode_ci NOT NULL,
  `content` text COLLATE utf8mb4_unicode_ci NOT NULL,
  `img` varchar(255) COLLATE utf8mb4_unicode_ci DEFAULT NULL,
  `created_at` datetime NOT NULL,
  `keywords` varchar(255) COLLATE utf8mb4_unicode_ci DEFAULT NULL,
  `description` varchar(255) COLLATE utf8mb4_unicode_ci DEFAULT NULL
) ENGINE=InnoDB DEFAULT CHARSET=utf8mb4 COLLATE=utf8mb4_unicode_ci;

--
-- Дамп данных таблицы `post`
--

INSERT INTO `post` (`id`, `category_id`, `title`, `excerpt`, `content`, `img`, `created_at`, `keywords`, `description`) VALUES
(1, 1, 'Санкции против России', 'Евросоюз продлил экономические санкции против России, сообщил источник', 'Главы МИД Европейского союза формально оформили продление еще на шесть месяцев, до 31 января 2022 года экономических санкций против России, сообщил РИА Новости европейский источник. Экономические санкции ввели семь лет назад. Они направлены против финансового, энергетического и оборонного секторов. В частности, для некоторых российских банков и компаний ограничили доступ к первичному и вторичному рынкам капитала Евросоюза, а также технологиям добычи и разведки нефти. Кроме того ввели запрет на импорт и экспорт оружия и товаров двойного назначения.', 'https://cdn25.img.ria.ru/images/07e4/07/03/1573843778_0:0:3113:1752_1920x0_80_0_0_1bff4ed91f6141790831b52b58be6584.jpg.webp', '2021-07-16 21:00:00', 'санкции', NULL),
(2, 2, 'Доля дохода на питание', 'Россияне раскрыли, какую долю дохода тратят на питание', 'Около 60,4% граждан России отдают за продукты примерно половину своего ежемесячного дохода. У 16% на питание уходит почти весь заработок, а у 14,8% – примерно треть. Ещё 8,8% тратят на еду не более 20% своего бюджета. . Абсолютное большинство россиян (96,3%) обратили внимание на рост продуктовых цен в последние месяцы. По их мнению, заметнее всего подорожали овощи, фрукты, молочная продукция, мясо и растительные масла. В меньшей степени россияне ощутили увеличение стоимости рыбы, сахара, зерновых и макаронных изделий.', 'https://cdn25.img.ria.ru/images/07e5/03/01/1599391855_0:160:3078:1891_1920x0_80_0_0_b7cd39fb3d4306507e7048db12f55e79.jpg.webp', '2021-07-15 00:00:00', 'питание', NULL),
(3, 3, 'COVID-19 и генетика', 'Обнаружена генетическая предрасположенность к тяжелой форме COVID-19', 'Результаты крупного международного исследования показали, что наиболее подвержены тяжелым осложнениям при COVID-19 пациенты с ранее существовавшими заболеваниями легких. Статья опубликована в журнале Nature Communications. Исследователи из десяти стран, используя технологию секвенирования одноклеточной РНК, провели анализ генетического кода 611 398 клеток из различных баз данных, представляющих клетки легких, как здоровых людей, так и страдающих хроническими заболеваниями. Оказалось, что клетки дыхательных путей пациентов с хроническими заболеваниями легких лучше \"подготовлены\" к заражению коронавирусом, что приводит к более тяжелым симптомам COVID-19 и большей вероятности смерти.\r\nВ исследовании подробно описаны генетические изменения в молекулярном составе различных клеток, включая эпителиальные клетки, выстилающие легкие и дыхательные пути, вызванные хроническими заболеваниями легких. По мнению авторов, эти изменения помогают вирусу SARS-CoV-2 легче проникать в клетки, размножаться и вызвать неконтролируемый иммунный ответ, в результате которого легкие наполняются жидкостью, а пациенты нуждаются в подключении к аппаратам ИВЛ и длительной госпитализации.', 'https://cdn25.img.ria.ru/images/07e5/02/02/1595703671_0:154:3072:1882_640x0_80_0_0_456cc6457f0c49f2d103cc1868690835.jpg.webp', '2021-07-14 00:00:00', 'ковид', NULL),
(4, 4, 'Финал ЕВРО-2021', 'Заколдованная серия пенальти: победа Италии над англичанами в финале ЕВРО', 'Сборная Италии в серии пенальти оказалась сильнее команды Англии и стала победителем чемпионата Европы. Сборная Италии победила команду Англии в финале чемпионата Европы по футболу (Евро-2020) по итогам серии пенальти 4:3 (1:1). Матч проходил в воскресенье, 11 июля, на стадионе \"Уэмбли\" в Лондоне. Итальянцы завоевали трофей Евро второй раз в истории. Итальянцы в решающем матче Евро играли в четвертый раз. Две предыдущие попытки одержать верх - в 2000 и 2012 годах - завершились неудачей. Трофей Италии удалось завоевать лишь один раз - в 1968 году.', 'https://cdn25.img.ria.ru/images/07e5/07/0c/1740854610_0:0:3072:1728_1920x0_80_0_0_f774ea4c60fd02bae1aa7fbed65473a9.jpg.webp', '2021-07-12 00:00:00', 'футбол', NULL),
(5, 5, 'Уроки финансовой грамотности', 'В российских школах введут уроки финансовой грамотности', 'Преподавание финансовой грамотности станет обязательным для российских школ; разные элементы этой дисциплины фигурируют в новых образовательных стандартах, они разработаны при участии Центрального банка. В начальной школе элементы финансовой грамотности появятся на уроках математики и при изучении предмета «Окружающий мир». Школьников будут учить безопасному поведению в интернете, в том числе при совершении финансовых операций. Кроме того, они узнают, как анализировать доходы и расходы семьи, составлять личный финансовый план, сказано в заявлении ЦБ.\r\n\r\nВ 5–9 классах финансовую грамотность начнут преподавать на уроках обществознания, математики и географии. Ученики узнают, как оценивать риски предпринимательской деятельности, распознавать недобросовестные практики финансовых организаций и различные виды финансового мошенничества. На математике научатся рассчитывать цены товаров, стоимость покупок и услуг, налоги, а на географии ознакомятся с такими понятиями, как качество жизни человека, семья, финансовое благополучие.\r\n\r\nПомимо этого, школьникам расскажут, как самостоятельно составить и заполнить простые формы и документы — заявления, обращения, декларации, доверенности, в том числе в электронном виде.\r\n\r\nПервые и пятые классы начнут обучаться по новой программе с 1 сентября 2022 года. В случае согласия родителей школы введут финансовую грамотность уже в 2021 году.', 'https://cdn25.img.ria.ru/images/152342/91/1523429122_0:106:2000:1231_1920x0_80_0_0_bc325a7d877154d99f3b1b3c534fe2e7.jpg.webp', '2021-07-08 00:00:00', 'школа', NULL),
(6, 5, 'Выплаты школьникам', 'Путин ответил на вопрос о разовых выплатах на подготовку детей к школе', 'В. В. Путин посоветовал родителям, получившим выплату, воспользоваться ей сразу и приобрести ребенку вещи в школу. Он считает, что 10 000 рублей вполне достаточно. Но так ли это? \"Хочу обратить внимание родителей, что это же разовая выплата, поэтому те деньги, которые будут получены в этом году, даже если ребенок не пойдет в школу, нужно использовать на то, чтобы подготовить его к школе в следующем году и какие-то вещи уже заранее приобрести\", - сказал Путин.', 'https://cdn25.img.ria.ru/images/07e5/07/0e/1741190447_0:6:3078:1737_1920x0_80_0_0_08ddba7355248e7e7319e4e3b44e039f.jpg.webp', '2021-06-30 00:00:00', 'выплаты школьникам', NULL),
(7, 2, 'Полеты на МС-21', 'Авиакомпания \"Россия\" начнет полеты на самолетах МС-21 летом 2022 года', 'Авиакомпания \"Россия\" (входит в группу \"Аэрофлот\") начала подготовку к эксплуатации нового отечественного самолета МС-21, при отсутствии технических замечаний рассчитывает начать летать на нем летом 2022 года, сообщает перевозчик. Представители компании производителя сообщили, что техническая готовность лайнера для начала приемки во флот компании \"Россия\" назначена на весну 2022 года. В том случае, если не будет технических замечаний, самолет начнет работать на одном из воздушных маршрутов.\r\n\r\nВ пресс-службе сообщают, что сейчас формируется единый план обучения и ввода в строй работников для обеспечения эксплуатации МС-21. А также вместе с представителями производителя ведется работа над моделью осуществления оперативного технического обслуживания самолетов.\r\n\r\nДиректор авиакомпании \"Россия\" Сергей Александровский заявил, что программа МС-21 является приоритетным нацпроектом в транспортной отрасли. По данным специалистов, планируемые характеристики самолет МС-21 отвечают перспективным требованиям к надежности, безопасности и операционной экономики, отметил он.', 'https://cdn25.img.ria.ru/images/07e4/0a/18/1581309968_0:232:3227:2047_1920x0_80_0_0_c45f1bba311881e4b8cecb1f4cf1c572.jpg.webp', '2021-07-15 00:00:00', 'полеты', NULL),
(8, 1, 'Выборы в Госдуму', 'Видеонаблюдение на выборах в Госдуму охватит все регионы', 'Видеонаблюдение на сентябрьских выборах в Госдуму РФ охватит все 85 регионов, более 80% избирателей, причем наблюдение будет идти все три дня голосования, заявил заместитель председателя ЦИК РФ Николай Булаев. Булаев подчеркнул, что видеонаблюдение на участках на выборах в Госдуму будет идти три дня голосования - с 8.00 16 сентября. \"Порядок применения, который мы сегодня рассматриваем, видеонаблюдение при проведении выборов депутатов ГД ФС, регламентирует организацию видеонаблюдения и в помещениях для голосования в участковых избирательных комиссиях, и в помещениях территориальных избирательных комиссий, и определяет объекты видеонаблюдения... Мы имеем сегодня динамику серьезную. Все 85 субъектов, более 50 тысяч, и это только федеральные камеры, и мы будем иметь цифру, практически полностью покрывающую все участковые избирательные комиссии - при этом (будут охвачены - ред.) более 80% избирателей\", - сказал Булаев в ходе заседания ЦИК.', 'https://cdn25.img.ria.ru/images/151668/11/1516681100_0:154:3089:1892_1920x0_80_0_0_261cd5dd50530ee67c708ee0b8987965.jpg.webp', '2021-07-15 00:00:00', 'выборы', NULL),
(9, 4, 'Тренер ЦСКА', 'Сергей Федоров стал главным тренером ЦСКА', 'Сергей Федоров назначен главным тренером московского ЦСКА, сообщили РИА Новости в пресс-службе хоккейного клуба. Федоров сменил в должности Игоря Никитина, который возглавлял команду с 2017 года. Срок контракта с 51-летним специалистом не уточняется. «По итогам заседания наблюдательного совета главным тренером ЦСКА назначен Сергей Федоров. Клуб благодарит Игоря Никитина за проведенные в ЦСКА годы, проделанную работу и желает успехов в дальнейшей карьере», – прокомментировал назначение президент ЦСКА Игорь Есмантович.\r\n\r\n51-летний Федоров работает в ЦСКА с 2012 года. Он впервые в карьере займет пост тренера.\r\n\r\nФедоров – трехкратный чемпион мира, серебряный и бронзовый призер Олимпийских игр, трехкратный обладатель Кубка Стэнли (1997, 1998, 2002).', 'https://cdn25.img.ria.ru/images/07e4/0b/1e/1586898796_0:107:2922:1751_640x0_80_0_0_6f506dff9c8794262fc46e25b4677918.jpg.webp', '2021-07-14 00:00:00', 'футбол, тренер', NULL),
(10, 2, 'Закупка транспорта', 'Мишустин поручил проработать контракты на закупку транспорта для регионов', 'Вопрос перехода на экологичные виды транспорта – трамваи, троллейбусы, электробусы - обсуждался недавно на встрече Мишустина с представителями российского и зарубежного бизнеса, которая состоялась в Екатеринбурге. \"Михаил Мишустин сообщил, что реализация программ, которые направлены на поддержку производства транспорта, будет продолжена. По итогам встречи он поручил Минтрансу и Минпромторгу совместно с региональными властями и бизнесом проработать вопрос заключения долгосрочных контрактов (3–5 лет) на закупку подвижного состава городского пассажирского транспорта, скоординированных с региональными программами развития\", - говорится в сообщении кабмина.', 'https://cdn25.img.ria.ru/images/07e5/07/09/1740595003_0:0:2917:1641_1920x0_80_0_0_102e19efbbbcc7b25670375c7d2762ee.jpg.webp', '2021-07-16 00:00:00', 'транспорт', NULL),
(11, 4, 'Ковид на олимпиаде', 'Член прибывшей на Олимпиаду делегации госпитализирован с коронавирусом', 'Мужчине около 60 лет, он сопровождал сборную Нигерии. У него легкие симптомы, но из-за возраста, а также наличия хронических заболеваний было принято решение поместить его в больницу. Выясняется наличие группы риска из лиц, имевших с ним непосредственный контакт. Это первый случай госпитализации с коронавирусом иностранных граждан, прибывших на Олимпиаду, в столичную больницу. С понедельника в Токио введен четвертый по счету режим чрезвычайной ситуации. Он будет действовать до 22 августа, то есть в течение всей Олимпиады (23 июля – 8 августа) и закончится за день до Паралимпийских игр (24 августа – 5 сентября). Решение о введении чрезвычайной ситуации было вызвано устойчивым ростом заболеваний в Токио в последние три недели. В четверг впервые с января в Токио выявлено более 1300 новых случаев заражения.', 'https://cdn25.img.ria.ru/images/07e5/06/15/1737930021_0:405:2920:2048_1920x0_80_0_0_26355de922216918df70127956f1b9a3.jpg.webp', '2021-07-16 00:00:00', 'олимпиада', NULL),
(12, 3, 'Старый российский скафандр', 'Космонавты на МКС разберут на части старый российский скафандр', 'Один из старых российских скафандров \"Орлан-МК\" на борту Международной космической станции (МКС) разберут на части с удалением ненужных компонентов, следует из переговоров экипажа с Землей, транслирующихся НАСА.Скафандры семейства \"Орлан\" используются на околоземных орбитальных станциях для выходов космонавтов в открытый космос. Сейчас на МКС находятся четыре таких скафандра: старые \"Орлан-МК\" с номерами 4 и 6, и новые \"Орлан-МКС\" с номерами 4 и 5.', 'https://cdn25.img.ria.ru/images/155566/61/1555666132_9:0:2382:1335_640x0_80_0_0_003ebe4443c74362ff50fd1d189afd67.jpg.webp', '2021-07-15 00:00:00', 'космос', NULL),
(13, 2, 'Кредитная история', 'Эксперт рассказал, что может испортить кредитную историю', 'Наличие в кредитной истории сведений о просрочке выплат по займам или о реструктуризации может усложнить выдачу нового кредита, а банкротство сделает получение новой ссуды практически невозможным, рассказал РИА Новости руководитель управления кредитных рисков розничного сегмента Райффайзенбанка Алексей Крамарский.\r\n\"Когда в истории есть просрочки выплат по займам, реструктуризация, информация о банкротстве – все вместе или даже что-то одно из вышеперечисленного ухудшает кредитную историю. Таким заемщикам банки либо отказывают в выдаче новых займов, либо предлагают очень высокий процент, поскольку считают сделку рискованной. Банкротство – можно сказать, это крах кредитной истории. После этой процедуры получить новый заем даже через много-много лет будет практически невозможно\", - предостерегает эксперт.', 'https://cdn25.img.ria.ru/images/07e5/07/10/1741546714_0:132:3174:1917_1920x0_80_0_0_76061c63a4f71c33f6a8a5fd89efbe65.jpg.webp', '2021-07-18 00:00:00', 'кредит', NULL),
(14, 2, 'Курс рубля', 'Эксперты назвали справедливый курс рубля', 'Рост рублевой цены нефти до рекордных высот может свидетельствовать о недооцененности рубля, полагают опрошенные РИА Новости эксперты.\r\nБольшинство из них считают справедливым курс в 60-70 рублей за доллар.\r\nРублевая цена нефти марки Brent (произведение ее долларовой цены на курс доллара к рублю) уже несколько недель держится на рекордных высотах, иногда превышая 5650 рублей. Такой высокий уровень может сигнализировать о недооцененности рубля. То есть, если бы курс доллара был ниже, то и рублевая цена нефти - тоже, рассуждают эксперты. \"Мы привыкли к тому, что нефть стоила 3000-3500 рублей за баррель. Однако в последние несколько лет курс рубля перестал коррелировать с ценой нефти. Частично в этом виновато бюджетное правило. Фактически высокая цена нефти стала негативно сказываться на курсе рубля. Чем дороже нефть, тем больше средств направляется Минфином РФ на покупку валюты, что давит на рубль\", - рассуждает Кочетков.', 'https://cdn25.img.ria.ru/images/07e4/0a/0d/1579621292_0:125:3031:1829_1920x0_80_0_0_ccf1854c2e6deba4558f0c82007cec40.jpg.webp', '2021-07-18 00:00:00', 'рубль', NULL),
(15, 2, 'Экономические зоны', 'Правительство дополнило критерии создания особых экономических зон', 'Правительство России уточнило критерии создания особых экономических зон (ОЭЗ), сообщает пресс-служба кабмина.\r\n\"Критерии создания ... ОЭЗ ... будут дополнены положениями, которые повысят эффективность этого инструмента развития территорий. Такое постановление подписал председатель правительства Михаил Мишустин\", - говорится в сообщении. Отмечается, что, по документу, соотношение между госинвестициями в инфраструктуру ОЭЗ и частными вложениями должно составлять 1 к 5. Также в нем зафиксировано требование к минимальному количеству резидентов экономической зоны. Если объем инвестиций составляет от 8 до 20 миллиардов рублей, в ОЭЗ должно быть не менее пяти компаний. При вложениях от 20 миллиардов рублей допускается размещение одного резидента. \"Донастройка критериев поможет эффективнее расходовать бюджетные средства, позволит формировать более сбалансированные портфели инвестпроектов при сохранении возможности создания крупных производств\", - добавили в сообщении.\r\nЭкономические зоны создаются для развития обрабатывающей промышленности, высокотехнологичных отраслей экономики, туризма и портовой инфраструктуры. Как отметили в сообщении, размещение в ОЭЗ дает бизнесу ряд преимуществ, например, налаженную инфраструктуру и коммуникации, обеспечивает минимизацию административных барьеров, налоговые льготы и таможенные преференции.', 'https://cdn25.img.ria.ru/images/07e5/06/0f/1737036354_0:212:3071:1939_1920x0_80_0_0_26d261074734b7b6480a5f6c364ece2c.jpg.webp', '2021-07-17 00:00:00', 'экономические зоны', NULL),
(16, 2, 'Американский госдолг', 'Россия сократила вложения в американский госдолг', 'Минфин США: вложения России в американский госдолг сократились до 3,8 миллиарда долларов. Вложения России в американские гособлигации в мае сократились примерно на 150 миллионов долларов, следует из данных Министерства финансов США.\r\nРоссийский портфель составил 3,805 миллиарда долларов против 3,957 миллиарда долларов в апреле и 3,976 миллиарда в марте, когда вложения сократились на 30 процентов.\r\nРоссия перестала входить в число крупнейших держателей американского госдолга после того, как начала распродавать свой портфель. В 2018 году он достигал 96 миллиардов долларов. Российские власти неоднократно указывали, что Соединенные Штаты своей санкционной политикой подрывают доверие к собственной валюте, снижают вложения резервов страны в госдолг и способствуют увеличению объемов внешней торговли.\r\nВ начале июля Минфин завершил конверсионные операции, сократив до нуля долю доллара в структуре Фонда национального благосостояния (ФНБ) и перераспределив накопления в пользу евро и юаня.', 'https://cdn25.img.ria.ru/images/07e5/02/05/1596205284_0:914:2047:2065_640x0_80_0_0_0b9614937f5f713732f5b8eaedee8093.jpg.webp', '2021-07-17 00:00:00', 'госдолг', NULL),
(17, 1, 'Развал СССР', 'Председатель Счетной палаты Кудрин назвал причиной распада СССР непроведение реформ', 'Председатель Счетной палаты Алексей Кудрин объяснил, почему распался Советский Союз.\r\n\"Одна из причин развала СССР — это затяжка в проведении реформ и перестройки плановой экономики\", — сказал он в интервью \"Коммерсанту\". По мнению главы Счетной палаты, это событие было предопределено последним десятилетием существования страны: она не была готова к реформированию хозяйства, которое теряло эффективность с каждым годом. Кудрин назвал экономический застой 70-х прологом к тому, что Советский Союз перестанет быть центром притяжения и роста уровня жизни. По словам Кудрина, у людей были предположения, что будет какой-то переход от плановой экономики к рыночной. Сценарий, при котором СССР перестанет существовать, обсуждался, но такое казалось возможным при условии, что какие-то силы будут растаскивать его.\r\n\"Прежде всего национализм и национальные окраины, которые будут стремиться к своей самостоятельности\", — подытожил он.', 'https://cdn25.img.ria.ru/images/07e5/05/01/1730817893_0:182:3118:1936_640x0_80_0_0_b700be8b1346b85ef299db307de8fd2d.jpg.webp', '2021-07-17 00:00:00', 'СССР', NULL),
(18, 1, 'Российский общенародный союз', 'ЦИК заверил списки кандидатов \"Российского общенародного союза\", исключив из них 38 человек', 'Центризбирком РФ на заседании в субботу заверил кандидатов партии \"Российский общенародный союз\" на выборы в Госдуму.\r\n\"Заверить федеральный список кандидатов в депутаты Государственной думы ФС РФ восьмого созыва в количестве 220 человек, выдвинутый политической партией \"Общественная организация - политическая партия \"Российский общенародный союз\", - говорится в постановлении ЦИК, принятом на заседании. В поданном в ЦИК федеральном списке партии было 258 кандидатов. Во главе списка председатель партии Сергей Бабурин, Андрей Кормухин и Мария Никитенкова.\r\nКак сообщил на заседании член ЦИК Евгений Шевченко, из федерального списка партии исключены 38 кандидатов: четверо не предоставили нужные документы, в документах 34 были неустранимые нарушения.\r\nПо закону федеральный список кандидатов представляется уполномоченным представителем политической партии в ЦИК не позднее чем через 30 дней со дня официальной публикации решения о назначении выборов депутатов Госдумы. Соответствующий указ президент РФ Владимир Путин подписал 17 июня.\r\nЦентральная избирательная комиссия в семидневный срок рассматривает представленные документы, по результатам рассмотрения заверяет федеральный список кандидатов и выдает уполномоченному представителю политической партии копию заверенного федерального списка кандидатов либо отказывает в заверении указанного списка, о чем уполномоченному представителю политической партии выдается мотивированное решение.', 'https://cdn25.img.ria.ru/images/151668/32/1516683226_0:0:3072:1728_1920x0_80_0_0_dc4127d71f48a0e63c0606cf840a525c.jpg.webp', '2021-07-17 00:00:00', 'Россия', NULL),
(19, 1, 'Наблюдатели на выборах', 'Наблюдатели на выборах в Госдуму получат рекомендации от Роспотребнадзора', 'ЦИК совместно с Роспотребнадзором дорабатывает рекомендации по порядку пребывания международных наблюдателей на выборах в РФ, сказала глава ЦИК Элла Памфилова.\r\n\"Мы совместно с Анной Юрьевной Дорабатываем рекомендации с порядком пребывания и приглашение наших международных коллег\",- сказала Памфилова в ходе заседания ЦИК.\r\nГолосование на выборах в Госдуму и на иных выборах в единый день голосования пройдет в этом году с 17 по 19 сентября. Госдума избирается на пять лет по смешанной избирательной системе: 225 депутатов избираются по партийным спискам, еще 225 – по одномандатным округам в один тур.', 'https://cdn25.img.ria.ru/images/07e5/07/0f/1741438544_0:0:3052:1717_1920x0_80_0_0_e26cbcf8c4ee69e989d049467132d981.jpg.webp', '2021-07-16 00:00:00', 'выборы', NULL),
(20, 1, 'Вакцинация наблюдателей на выборах', 'Глава ЦИК Памфилова призвала ответственно отнестись к вакцинации наблюдателей, включая международных', 'Глава ЦИК РФ Элла Памфилова призвала ответственно отнестись к вакцинации наблюдателей на выборах, в том числе международных.\r\n\"К этому (вакцинации) надо отнестись очень ответственно, думаю, и партии, которые направляют своих (представителей) в члены комиссии, в наблюдатели (должны это сделать). Это наша с вами ответственность. Это будет касаться в том числе и международных наблюдателей, которые к нам приедут, которых мы приглашаем, чтобы они тоже вакцинацию прошли\", - сказала Памфилова на заседании ЦИК. Ранее в ЦИК России состоялась встреча Памфиловой с директором БДИПЧ ОБСЕ Маттео Мекаччи. На встреча глава ЦИК пообещала во взаимодействии с Роспотребнадзором обеспечить возможности для работы наблюдателей на выборах с учетом эпидемиологической ситуации.\r\nГолосование на выборах в Госдуму и на иных выборах в единый день голосования пройдет в этом году с 17 по 19 сентября. Госдума избирается на пять лет по смешанной избирательной системе: 225 депутатов избираются по партийным спискам, еще 225 – по одномандатным округам в один тур.', 'https://cdn25.img.ria.ru/images/07e5/07/0f/1741438551_0:180:3002:1869_1920x0_80_0_0_8a0036decc1ea4623e56cc44675ffd6f.jpg.webp', '2021-07-16 00:00:00', 'выборы', NULL),
(21, 3, 'Новые ракетные двигатели', 'США хотят купить в России новые ракетные двигатели РД-181М', 'Предприятию \"Роскосмоса\" \"НПО Энергомаш\" разрешили провести переговоры с американской компанией Orbital Sciences о поставках Штатам ракетных двигателей РД-181М. Распоряжение правительства опубликовано на официальном портале правовой информации.\r\nС предложением ранее выступил \"Роскосмос\". Жидкостный ракетный двигатель РД-181М хотят использовать в ракете-носителе \"Антарес\", которая доставляет грузы на Международную космическую станцию и запускает научно-исследовательские и коммерческие космические аппараты.\r\nКак отмечается в распоряжении, контракт на поставки нового двигателя можно будет заключить при выполнении ряда условий: в том числе после получения от американской стороны гарантий о том, что ракеты \"Антарес\" с российскими двигателями не будут использовать \"для запуска полезных нагрузок военного назначения\". Ранее Россия поставляла в США два двигателя — РД-180 и РД-181. Двигатель РД-180 задействуют на первой ступени ракеты Atlas-5. Всего, по данным \"Энергомаша\", в Штаты с 1999 года отправили 122 двигателя, из которых 93 уже использовали.\r\nПоследнюю партию российских ракетных двигателей РД-180 в США передали в апреле. Вашингтон заявлял РИА Новости, что намерен прекратить эксплуатацию ракет Atlas с РД-180 в середине 2020-х годов. На замену Atlas создают ракету Vulcan с американскими двигателями BE-4 фирмы Blue Origin.\r\nДвигатель РД-181 ставится на первую ступень ракеты Antares (по две штуки). Всего с 2015 года в США поставили 22 двигателя, из них 18 уже использовали.', 'https://cdn25.img.ria.ru/images/155779/58/1557795853_0:397:2933:2047_1920x0_80_0_0_300cc6b12f3a7134bb15338765cdcfea.jpg.webp', '2021-07-16 00:00:00', 'ракета', NULL),
(22, 3, 'Капсулы для улавливания вирусов', 'Ученые разработали нанокапсулы для улавливания вирусов', 'Ученые из Германии и США предложили новый подход для борьбы с вирусами. Они создали на основе генетического материала наноловушки, которые задерживают и поглощают вирусы. Авторы считают, что разработанный ими метод будет также действовать против нового коронавируса SARS-CoV-2. Результаты исследования опубликованы в журнале Nature Materials.\r\nНа сегодняшний день для большинства опасных вирусов нет эффективных антивирусных препаратов. Исследователи из Технического университета Мюнхена, Центра имени Гельмгольца в Мюнхене и Университета Брендайса в США предложили новую стратегию лечения острых вирусных инфекций. Авторы разработали наноструктуры, состоящие из ДНК, которые могут механическим путем улавливать и обезвреживать вирусы.\r\nВ 1962 году биолог Дональд Каспар и биофизик Аарон Клуг открыли геометрические принципы, согласно которым строятся белковые оболочки вирусов. Основываясь на этих характеристиках, ученые из Технического университета Мюнхена (TUM) под руководством профессора биомолекулярной нанотехнологии физического факультета Хендрика Дитца (Hendrik Dietz) разработали метод создания из ДНК самосборных объектов размером с вирус.', 'https://cdn25.img.ria.ru/images/07e5/07/0f/1741443915_0:0:1440:810_600x0_80_0_0_1869e5893254a91b57aef8df2b4242e5.jpg.webp', '2021-07-15 00:00:00', 'вирус', NULL),
(23, 4, 'Суперкубок России', 'Фанаты \"Зенита\" обматерили Дзюбу во время матча за Суперкубок России', 'Активные болельщики петербургского \"Зенита\" во время матча за Суперкубок России обматерили форварда команды Артема Дзюбу.\r\nВстреча против московского \"Локомотива\" проходит в Калининграде. Идет второй тайм, \"Зенит\" ведет со счетом 2:0.\r\nДзюба, ставший лучшим бомбардиром \"Зенита\" в прошлом сезоне Российской премьер-лиги, появился на поле на 60-й минуте, заменив Сердара Азмуна. Форварда неодобрительным гулом встретили болельщики обеих команд, а фанаты \"Зенита\" посвятили ему оскорбительную кричалку.', 'https://cdn25.img.ria.ru/images/07e5/03/11/1601735078_0:0:3130:1761_1920x0_80_0_0_7fd75b0adb4516a74af5e5fb3ae64b55.jpg.webp', '2021-07-17 00:00:00', 'вирус', NULL),
(24, 4, 'Боярский и Бердыев', 'Актер Михаил Боярский выступил против назначения Курбана Бердыева на пост тренера сборной России', 'Народный артист РСФСР и болельщик санкт-петербургского \"Зенита\" Михаил Боярский выступил против назначения Курбана Бердыева на пост главного тренера сборной России по футболу.\r\nРанее СМИ сообщали, что Бердыев является основным кандидатом на пост тренера российской команды после увольнения Станислава Черчесова.\r\n\"Считаю, что Бердыев не подходит нашей сборной. Я его \"Рубин\", например, никогда не любил. Пусть он и дальше занимается клубами. Не думаю, что Курбан Бекиевич способен возглавить сборную России. У нас сейчас слабая команда, которой не поможет новый тренерский штаб. У нас просто нет потенциала и опыта. Думаю, мы не сможем отобраться на чемпионат мира\", - заявил Боярский в интервью \"Спорт-Экспрессу\".', 'https://cdn25.img.ria.ru/images/07e5/07/0e/1741199285_0:287:3072:2015_640x0_80_0_0_06db3c95d7e51ec1fac526c47f50c74b.jpg.webp', '2021-07-17 00:00:00', 'футбол', NULL),
(25, 5, 'Педагоги с красным дипломом', 'В Минпросвещения обсудят распространение на все регионы доплаты для педагогов за красный диплом', 'Министерство просвещения РФ обсудит распространение на все регионы доплат за красный диплом для выходящих на работу после окончания вуза педагогов, заявил первый замминистра просвещения РФ Александр Бугаев.\r\n\"Не только в Чувашской Республике, в целом ряде субъектов такие доплаты есть, это все зависит от возможностей бюджета конкретного субъекта... Мы подумаем над тем, как это закрепить в рекомендациях\", - заявил Бугаев в ходе встречи с участниками форума \"Территория смыслов\". Он также добавил, что министерством ведется серьезная работа в отношении педагогических вузов, которые не так давно перешли в ведение Минпросвещения.', 'https://cdn25.img.ria.ru/images/151881/27/1518812795_0:65:1500:909_1920x0_80_0_0_7ee760d8b031e4b797f490ffca9e1a06.jpg.webp', '2021-07-16 00:00:00', NULL, NULL),
(26, 5, 'Студенческий туризм', 'Что покажут вузы путешественникам по программе развития студенческого туризма?', 'С 15 июля у российских студентов появилась уникальная возможность путешествовать по стране и проживать в кампусах и общежитиях вузов по доступным ценам - от 17 рублей в сутки. Пока в программе студенческого туризма принимают участие 15 университетов из туристически привлекательных регионов. Студенты могут путешествовать как самостоятельно за собственные средства, так и в составе организованных групп от своих вузов, где все расходы компенсируются направляющей стороной и студенты становятся участниками культурных туристических программ. Большинство из них рассчитаны на 2-7 дней. Например, команда Казанского университета обещает показать гостям не только исторические достопримечательности и современные объекты культуры - Казанский Кремль, Башня Сююмбике, Остров-град Свияжск, Экстрим-парк УРАМ, театральная площадка, но и удивить инфраструктурой самого вуза и его историей. Ведь здесь учились такие выдающиеся личности, как Лев Толстой, Владимир Ленин, Николай Лобачевский.', 'https://cdn25.img.ria.ru/images/155486/69/1554866980_0:98:3071:1825_640x0_80_0_0_7781d99c77ce778322dac609f1f7e250.jpg.webp', '2021-07-17 00:00:00', NULL, NULL);

-- --------------------------------------------------------

--
-- Структура таблицы `user`
--

CREATE TABLE `user` (
  `id` int(11) NOT NULL,
  `username` varchar(225) COLLATE utf8mb4_unicode_ci DEFAULT NULL,
  `password` varchar(255) CHARACTER SET utf8 DEFAULT NULL
) ENGINE=InnoDB DEFAULT CHARSET=utf8mb4 COLLATE=utf8mb4_unicode_ci;

--
-- Дамп данных таблицы `user`
--

INSERT INTO `user` (`id`, `username`, `password`) VALUES
(1, 'email@mail.ru', '7110eda4d09e062aa5e4a390b0a572ac0d2c0220'),
(3, 'email2@mail.ru', '08506d2487e78caf8d27ef22cfe5e3d436160d5f'),
(9, 'dasha@mail.com', '1429c9e75689da9d49325ac56a8929361308e8e3'),
(10, 'exem@mail.com', '92f2fd99879b0c2466ab8648afb63c49032379c1'),
(11, '20_07@mail.ru', '50d71b107388704c5ae36e7022b4ceb8d52b0e0d'),
(12, '21_07@yii.ru', '121203a43f78ecc6a3c636e3e3eab7c0527b5ca6'),
(13, '2207@yandex.com', 'bb0d03aedf17d3014ed22818c328ad33bc134b84');

--
-- Индексы сохранённых таблиц
--

--
-- Индексы таблицы `category`
--
ALTER TABLE `category`
  ADD PRIMARY KEY (`id`);

--
-- Индексы таблицы `gallery`
--
ALTER TABLE `gallery`
  ADD PRIMARY KEY (`id`);

--
-- Индексы таблицы `post`
--
ALTER TABLE `post`
  ADD PRIMARY KEY (`id`);

--
-- Индексы таблицы `user`
--
ALTER TABLE `user`
  ADD PRIMARY KEY (`id`);

--
-- AUTO_INCREMENT для сохранённых таблиц
--

--
-- AUTO_INCREMENT для таблицы `category`
--
ALTER TABLE `category`
  MODIFY `id` int(10) UNSIGNED NOT NULL AUTO_INCREMENT, AUTO_INCREMENT=6;

--
-- AUTO_INCREMENT для таблицы `gallery`
--
ALTER TABLE `gallery`
  MODIFY `id` int(10) UNSIGNED NOT NULL AUTO_INCREMENT;

--
-- AUTO_INCREMENT для таблицы `post`
--
ALTER TABLE `post`
  MODIFY `id` int(10) UNSIGNED NOT NULL AUTO_INCREMENT, AUTO_INCREMENT=27;

--
-- AUTO_INCREMENT для таблицы `user`
--
ALTER TABLE `user`
  MODIFY `id` int(11) NOT NULL AUTO_INCREMENT, AUTO_INCREMENT=14;
COMMIT;

/*!40101 SET CHARACTER_SET_CLIENT=@OLD_CHARACTER_SET_CLIENT */;
/*!40101 SET CHARACTER_SET_RESULTS=@OLD_CHARACTER_SET_RESULTS */;
/*!40101 SET COLLATION_CONNECTION=@OLD_COLLATION_CONNECTION */;
